{"int":123456789,"neg":-42,"half":1.5,"tiny":0.000001,"big":1e20,"frac":3.141592653589793,"zero":0}
